Year,id,Country Name,lnGNI,lnNCDs,lnSFI,lnOPhE,lnIWR,GNI,,,,,,,,,,,,,,,,OPHE,lnGNI,OD,IWR,5.478607144
2000,1,Albania,7.064759028,4.418840608,4.423648309,4.156053615,4.565389316,1170,,,,,,,,,,,,,,,,63.81917,7.064759028,0.9,96.1,4.115827098
2012,1,Albania,8.380227336,4.494238625,4.522874943,3.929747003,4.558078578,4359.999999,,,,,,,,,,,,,,,,50.8941,8.380227336,0.2,95.4,5.814933467
2000,2,Algeria,7.371489295,4.241326753,4.42604352,3.250161679,4.494238625,1590,,,,,,,,,,,,,,,,25.79451,7.371489295,6.4,89.5,2.827264662
2012,2,Algeria,8.556413905,4.347693956,4.465908119,3.246497218,4.441474093,5200.000002,,,,,,,,,,,,,,,,25.70016,8.556413905,1.7,84.9,5.124125975
2000,3,Angola,5.966146739,2.809402695,3.46885603,3.114461972,3.822098298,390,,,,,,,,,,,,,,,,22.52131,5.966146739,53.1,45.7,6.560896277
2012,3,Angola,8.328451067,3.18221184,3.893859035,3.177112137,3.867025639,4140.000001,,,,,,,,,,,,,,,,23.97741,8.328451067,32.9,47.8,6.58864356
2000,4,Argentina,8.914626128,4.385769621,4.515245478,3.368471346,4.567468319,7440.000001,,,,,,,,,,,,,,,,29.03411,8.914626128,1.5,96.3,3.659174423
2012,4,Argentina,9.381769488,4.399375273,4.559126247,3.291008934,4.591071262,11870,,,,,,,,,,,,,,,,26.86996,9.381769488,1.5,98.6,5.010155587
2000,5,Armenia,6.492239835,4.507557357,4.492001488,4.348321831,4.528289142,660,,,,,,,,,,,,,,,,77.34855,6.492239835,0.1,92.6,3.411066052
2012,5,Armenia,8.232174236,4.520701029,4.494238625,3.999480799,4.602165677,3759.999999,,,,,,,,,,,,,,,,54.56981,8.232174236,0.01,99.7,5.990207329
2000,6,Azerbaijan,6.413458957,4.32677816,4.183575696,4.14735786,4.305415532,609.9999999,,,,,,,,,,,,,,,,63.26662,6.413458957,0.1,74.1,2.211223313
2012,6,Azerbaijan,8.74671635,4.432006567,4.439115602,4.234435001,4.436751534,6290.000002,,,,,,,,,,,,,,,,69.02267,8.74671635,0.3,84.5,3.241854153
2000,7,Bangladesh,6.040254711,3.768152635,3.815512105,4.056601157,4.33073334,419.9999999,,,,,,,,,,,,,,,,57.7776,6.040254711,19.2,76,4.31702987
2012,7,Bangladesh,6.856461985,4.077537444,4.055257174,4.147946149,4.440295543,950.0000004,,,,,,,,,,,,,,,,63.30385,6.856461985,2.4,84.8,5.81701044
2000,8,Belarus,7.229838778,4.463606622,4.551769409,2.639422977,4.600157644,1380,,,,,,,,,,,,,,,,14.00512,7.229838778,0.01,99.5,4.895781157
2012,8,Belarus,8.764053269,4.48638665,4.547541073,2.968479775,4.602165677,6399.999998,,,,,,,,,,,,,,,,19.46231,8.764053269,0.01,99.7,5.540840082
2000,9,Belize,8.055157732,4.092676505,4.415219602,3.663720864,4.443827036,3150.000001,,,,,,,,,,,,,,,,39.00621,8.055157732,4.1,85.1,2.689806171
2012,9,Belize,8.357024439,4.180522258,4.502029427,3.177677926,4.598145571,4259.999999,,,,,,,,,,,,,,,,23.99098,8.357024439,2.4,99.3,3.596070886
2000,10,Benin,5.966146739,3.261935314,2.4765384,4.020721344,4.189654742,390,,,,,,,,,,,,,,,,55.7413,5.966146739,68.7,66,3.985328272
2012,10,Benin,6.672032945,3.586292865,2.912350665,3.659557229,4.333361463,789.9999996,,,,,,,,,,,,,,,,38.84414,6.672032945,55.8,76.2,4.50892198
2000,11,Bhutan,6.65929392,3.640214282,3.433987204,3.133877693,4.429625613,780.0000002,,,,,,,,,,,,,,,,22.96285,6.65929392,10.6,83.9,4.044716201
2012,11,Bhutan,7.749322465,4.032469159,3.899950424,3.246131005,4.584967479,2320.000001,,,,,,,,,,,,,,,,25.69075,7.749322465,2.4,98,5.006225453
2000,12,Bolivia,6.897704943,3.867025639,3.629660094,3.551955169,4.364371699,989.9999999,,,,,,,,,,,,,,,,34.88145,6.897704943,33.9,78.6,4.642389576
2012,12,Bolivia,7.731930722,4.072439727,3.879499814,3.254125587,4.483002552,2280,,,,,,,,,,,,,,,,25.89696,7.731930722,18.7,88.5,6.102004504
2000,13,Bosnia and Herzegovina,7.29301768,4.493120682,4.552823706,3.763893462,4.579852378,1470,,,,,,,,,,,,,,,,43.11597,7.29301768,0.7,97.5,5.042041304
2012,13,Bosnia and Herzegovina,8.453187861,4.515245478,4.551769409,3.325342089,4.600157644,4689.999998,,,,,,,,,,,,,,,,27.80851,8.453187861,0.01,99.5,6.05799353
2000,14,Botswana,8.006367568,2.674148649,3.943521672,2.623362667,4.550714,3000.000001,,,,,,,,,,,,,,,,13.78199,8.006367568,23.4,94.7,5.571236185
2012,14,Botswana,8.87626526,3.605497845,4.133565275,1.542589098,4.565389316,7160,,,,,,,,,,,,,,,,4.676683,8.87626526,14.9,96.1,6.892563005
2000,15,Brazil,8.253227646,4.25561271,4.313480092,3.636339857,4.537961436,3840.000002,,,,,,,,,,,,,,,,37.95267,8.253227646,9.1,93.5,4.583766701
2012,15,Brazil,9.394327208,4.30676415,4.401829262,3.292163461,4.579852378,12020,,,,,,,,,,,,,,,,26.901,9.394327208,3,97.5,6.252832628
2000,16,Bulgaria,7.414572881,4.520701029,4.449685283,3.665315236,4.602165677,1659.999999,,,,,,,,,,,,,,,,39.06845,7.414572881,0.01,99.7,2.440286385
2012,16,Bulgaria,8.890135108,4.540098189,4.454347296,3.750033112,4.600157644,7260.000001,,,,,,,,,,,,,,,,42.52249,8.890135108,0.01,99.5,3.579381759
2000,17,Burkina Faso,5.521460918,2.949688335,2.451005098,4.038168313,4.092676505,250,,,,,,,,,,,,,,,,56.72235,5.521460918,69.9,59.9,1.856914647
2012,17,Burkina Faso,6.461468176,3.465735903,2.923161581,3.637828499,4.403054002,639.9999998,,,,,,,,,,,,,,,,38.00921,6.461468176,56.8,81.7,3.012934198
2000,18,Burundi,4.86753445,2.975529566,3.790984677,3.954972144,4.273884476,129.9999999,,,,,,,,,,,,,,,,52.19424,4.86753445,3,71.8,4.079331051
2012,18,Burundi,5.480638923,3.346389145,3.860729711,3.087261223,4.321480135,239.9999999,,,,,,,,,,,,,,,,21.91697,5.480638923,2.8,75.3,5.082412244
2000,19,Cabo Verde,7.222566019,4.070734697,3.77505715,3.236845793,4.411585437,1370,,,,,,,,,,,,,,,,25.45331,7.222566019,41,82.4,2.8696424
2012,19,Cabo Verde,8.151909873,4.229749199,4.220977213,3.191846605,4.50313746,3470,,,,,,,,,,,,,,,,24.33332,8.151909873,26.4,90.3,4.079572783
2000,20,Cambodia,5.703782475,3.46260601,2.791165108,4.339314182,3.728100167,300.0000001,,,,,,,,,,,,,,,,76.65495,5.703782475,74.6,41.6,3.262637713
2012,20,Cambodia,6.779921907,3.947390149,3.616308761,4.262064336,4.231203745,879.9999996,,,,,,,,,,,,,,,,70.95631,6.779921907,53.2,68.8,3.97090143
2000,21,Cameroon,6.396929655,3.161246712,3.742420221,4.310053881,4.122283931,599.9999999,,,,,,,,,,,,,,,,74.4445,6.396929655,8.7,61.7,2.341370512
2012,21,Cameroon,7.114769448,3.433987204,3.811097087,4.171938119,4.305415532,1230,,,,,,,,,,,,,,,,64.841,7.114769448,6.1,74.1,2.834150598
2000,22,Central African Republic,5.521460918,2.747270914,2.844909384,3.846865413,4.135166557,250,,,,,,,,,,,,,,,,46.84599,5.521460918,28.3,62.5,2.343702588
2012,22,Central African Republic,6.173786104,3.000719815,3.068052935,3.835423131,4.222444565,480,,,,,,,,,,,,,,,,46.31302,6.173786104,22.5,68.2,3.373606517
2000,23,Chad,5.192956851,2.87356464,2.272125886,4.013050628,3.799973502,180,,,,,,,,,,,,,,,,55.31536,5.192956851,72.2,44.7,3.775655793
2012,23,Chad,6.866933284,3.044522438,2.48490665,3.815850374,3.925925911,959.9999996,,,,,,,,,,,,,,,,45.41536,6.866933284,64.6,50.7,5.795023068
2000,24,China,6.835184586,4.377014093,4.074141855,4.077190095,4.385769621,929.9999999,,,,,,,,,,,,,,,,58.97951,6.835184586,3.7,80.3,4.983652278
2012,24,China,8.677609913,4.467056884,4.291828367,3.536337646,4.534747722,5870.000001,,,,,,,,,,,,,,,,34.34092,8.677609913,0.8,93.2,6.303915529
2000,25,Colombia,7.749322465,4.050044303,4.312140507,2.503190968,4.498697941,2320.000001,,,,,,,,,,,,,,,,12.22143,7.749322465,10.5,89.9,2.573160512
2012,25,Colombia,8.874867636,4.238444906,4.384523515,2.677924271,4.513054897,7150.000002,,,,,,,,,,,,,,,,14.55485,8.874867636,5.2,91.2,4.012805842
2000,26,Comoros,6.040254711,3.538056564,3.222867846,4.046098375,4.500920165,419.9999999,,,,,,,,,,,,,,,,57.17395,6.040254711,0.6,90.1,2.89917306
2012,26,Comoros,6.646390515,3.624340933,3.532225644,3.740584889,4.500920165,770.0000001,,,,,,,,,,,,,,,,42.12262,6.646390515,0.7,90.1,2.68860522
2000,27,"Congo, Dem. Rep.",4.86753445,2.895911938,3.122364924,4.002989218,3.852273001,129.9999999,,,,,,,,,,,,,,,,54.7616,4.86753445,13,47.1,3.091346223
2012,27,"Congo, Dem. Rep.",5.857933154,3.152736022,3.317815773,3.629355539,3.939638172,349.9999998,,,,,,,,,,,,,,,,37.68852,5.857933154,10.7,51.4,4.843334291
2000,28,"Congo, Rep.",6.345636361,3.144152279,2.541601993,3.737863171,4.237000863,570.0000001,,,,,,,,,,,,,,,,42.00813,6.345636361,8.6,69.2,5.667835522
2012,28,"Congo, Rep.",7.828038032,3.404525172,2.681021529,2.994171556,4.321480135,2510,,,,,,,,,,,,,,,,19.96881,7.828038032,8.2,75.3,6.835702729
2000,29,Costa Rica,8.218787156,4.370712875,4.515245478,2.928953378,4.55492897,3710.000001,,,,,,,,,,,,,,,,18.70804,8.218787156,1.1,95.1,3.661926396
2012,29,Costa Rica,9.120415664,4.416428061,4.54648119,3.192876349,4.579852378,9139.999996,,,,,,,,,,,,,,,,24.35839,9.120415664,0.1,97.5,4.365874435
2000,30,Cote d'Ivoire,6.461468176,3.04927304,2.867898902,4.012741082,4.355425953,639.9999998,,,,,,,,,,,,,,,,55.29824,6.461468176,32.9,77.9,5.114002113
2012,30,Cote d'Ivoire,7.138867,3.424262655,3.072693315,3.957799299,4.396915247,1260,,,,,,,,,,,,,,,,52.34201,7.138867,27.5,81.2,6.318465982
2000,31,Cuba,7.870929597,4.378269586,4.462453884,2.215867927,4.506454213,2620.000001,,,,,,,,,,,,,,,,9.169364,7.870929597,1.8,90.6,3.790219289
2012,31,Cuba,8.354674262,4.448516376,4.529368473,1.766218901,4.544358047,4250,,,,,,,,,,,,,,,,5.848697,8.354674262,0.7,94.1,4.955623415
2000,32,Djibouti,6.633318433,3.417726684,4.085976313,3.45742616,4.410371108,759.9999998,,,,,,,,,,,,,,,,31.73519,6.633318433,18.3,82.3,5.094084946
2012,32,Djibouti,7.878534196,3.589059119,3.856510295,3.711202432,4.498697941,2640,,,,,,,,,,,,,,,,40.90296,7.878534196,20.2,89.9,5.536528025
2000,33,Dominican Republic,7.874739125,4.087655574,4.350277936,3.763185585,4.463606622,2630,,,,,,,,,,,,,,,,43.08546,7.874739125,6.9,86.8,3.892013563
2012,33,Dominican Republic,8.641179171,4.254193263,4.417635062,3.261216282,4.447346101,5659.999999,,,,,,,,,,,,,,,,26.08124,8.641179171,3.4,85.4,5.908622689
2000,34,Ecuador,7.339537695,4.091005661,4.244200318,4.137876162,4.378269586,1539.999999,,,,,,,,,,,,,,,,62.66958,7.339537695,13.5,79.7,4.353145074
2012,34,Ecuador,8.596004372,4.204692619,4.416428061,3.924723018,4.453183829,5410.000001,,,,,,,,,,,,,,,,50.63905,8.596004372,5.4,85.9,5.079942214
2000,35,"Egypt, Arab Rep.",7.258412151,4.348986781,4.434381865,4.061684481,4.563305982,1420.000001,,,,,,,,,,,,,,,,58.07205,7.258412151,4.7,95.9,5.218413062
2012,35,"Egypt, Arab Rep.",7.955074273,4.439115602,4.550714,4.053290944,4.593097605,2849.999999,,,,,,,,,,,,,,,,57.58666,7.955074273,0.01,98.8,5.571887626
2000,36,El Salvador,7.677863501,4.053522568,4.133565275,3.925079201,4.401829262,2160.000001,,,,,,,,,,,,,,,,50.65709,7.677863501,10.8,81.6,3.986102598
2012,36,El Salvador,8.224163513,4.151039906,4.284964922,3.477933706,4.517431272,3730.000001,,,,,,,,,,,,,,,,32.39272,8.224163513,3.8,91.6,6.74812369
2000,37,Equatorial Guinea,6.779921907,3.321432413,4.384523515,2.810253538,3.856510295,879.9999996,,,,,,,,,,,,,,,,16.61413,6.779921907,4.4,47.3,2.181648708
2012,37,Equatorial Guinea,9.430278792,3.440418095,4.316153891,2.656475464,3.864931398,12460,,,,,,,,,,,,,,,,14.24599,9.430278792,4.4,47.7,2.934462661
2000,38,Eritrea,5.298317367,2.821378886,2.433613355,4.161677613,3.931825633,200.0000001,,,,,,,,,,,,,,,,64.1791,5.298317367,85.9,51,4.778212899
2012,38,Eritrea,7.244227516,3.602776755,2.727852828,3.97971642,4.051784948,1400.000001,,,,,,,,,,,,,,,,53.50186,7.244227516,78,57.5,5.838435668
2000,39,Gabon,8.03592637,3.446807893,3.658420247,3.91430061,4.428433007,3090,,,,,,,,,,,,,,,,50.11401,8.03592637,2,83.8,3.136446516
2012,39,Gabon,9.195226734,3.594568775,3.723280881,3.045543345,4.523960131,9849.999998,,,,,,,,,,,,,,,,21.02145,9.195226734,1.8,92.2,3.431331601
2000,40,"Gambia, The",6.507277712,3.284663565,4.08933202,3.565995179,4.415219602,669.9999997,,,,,,,,,,,,,,,,35.37464,6.507277712,5.1,82.7,3.806405361
2012,40,"Gambia, The",6.253828812,3.453157121,4.072439727,3.045584255,4.500920165,520.0000002,,,,,,,,,,,,,,,,21.02231,6.253828812,1.9,90.1,5.792061641
2000,41,Georgia,6.620073207,4.517431272,4.561218298,4.412916953,4.492001488,750.0000004,,,,,,,,,,,,,,,,82.50979,6.620073207,1.1,89.3,2.506877286
2012,41,Georgia,8.261009786,4.537961436,4.478472533,4.133689306,4.588024027,3870,,,,,,,,,,,,,,,,62.40774,8.261009786,1.1,98.3,4.36492187
2000,42,Ghana,5.828945618,3.370738174,2.332143895,3.459419119,4.25561271,340.0000001,,,,,,,,,,,,,,,,31.7985,5.828945618,21.2,70.5,4.462071807
2012,42,Ghana,7.358830898,3.725693427,2.667228207,3.28082813,4.447346101,1569.999999,,,,,,,,,,,,,,,,26.59779,7.358830898,19.8,85.4,5.335205597
2000,43,Guatemala,7.414572881,3.6558396,4.000033883,4.042334169,4.429625613,1659.999999,,,,,,,,,,,,,,,,56.95914,7.414572881,14.1,83.9,2.465153643
2012,43,Guatemala,8.029432841,3.854393893,4.141546164,4.014962553,4.521788577,3070.000001,,,,,,,,,,,,,,,,55.42122,8.029432841,5.9,92,3.268598062
2000,44,Guinea,5.940171253,3.104586678,2.557227311,4.095297941,4.138361448,380.0000001,,,,,,,,,,,,,,,,60.05723,5.940171253,30.1,62.7,4.027961962
2012,44,Guinea,6.063785209,3.430756184,2.939161922,3.984107546,4.314817885,430.0000001,,,,,,,,,,,,,,,,53.73731,6.063785209,17.2,74.8,5.508607128
2000,45,Guyana,6.779921907,4.128745989,4.371976299,2.575511839,4.456670178,879.9999996,,,,,,,,,,,,,,,,13.13804,6.779921907,1.9,86.2,3.256863311
2012,45,Guyana,8.188689124,4.201703081,4.42604352,3.443795718,4.563305982,3599.999998,,,,,,,,,,,,,,,,31.30556,8.188689124,0.3,95.9,4.319090966
2000,46,Haiti,5.480638923,3.580737295,3.044522438,3.91965342,4.107589789,239.9999999,,,,,,,,,,,,,,,,50.38298,5.480638923,37.8,60.8,4.334456885
2012,46,Haiti,6.620073207,3.873282177,3.284663565,3.325805509,4.069026754,750.0000004,,,,,,,,,,,,,,,,27.8214,6.620073207,21.4,58.5,5.456320163
2000,47,Honduras,6.82437367,3.906004933,4.147885329,3.772051261,4.391976966,920,,,,,,,,,,,,,,,,43.46914,6.82437367,20.4,80.8,2.975994144
2012,47,Honduras,7.696212639,4.107589789,4.382026635,3.896991801,4.492001488,2199.999999,,,,,,,,,,,,,,,,49.25406,7.696212639,6.8,89.3,4.173255237
2000,48,India,6.109247583,3.879499814,3.242592351,4.217374697,4.38949865,450.0000001,,,,,,,,,,,,,,,,67.85511,6.109247583,63.3,80.6,2.736496042
2012,48,India,7.313220387,4.091005661,3.624340933,4.172599365,4.523960131,1500,,,,,,,,,,,,,,,,64.88389,7.313220387,47.3,92.2,4.675035528
2000,49,Indonesia,6.327936784,4.119037175,3.852273001,3.829527743,4.355425953,560.0000002,,,,,,,,,,,,,,,,46.04079,6.327936784,30.6,77.9,5.435902041
2012,49,Indonesia,8.183118079,4.266896327,4.074141855,3.814369602,4.450852826,3579.999999,,,,,,,,,,,,,,,,45.34816,8.183118079,21.9,85.7,6.235572475
2000,50,"Iran, Islamic Rep.",7.473069088,4.244200318,4.368181228,4.028269929,4.544358047,1760,,,,,,,,,,,,,,,,56.16366,7.473069088,0.7,94.1,5.298038934
2012,50,"Iran, Islamic Rep.",8.85509298,4.335982696,4.49535532,3.912262377,4.564348191,7010,,,,,,,,,,,,,,,,50.01197,8.85509298,0.2,96,5.713471096
2000,51,Jamaica,8.098642844,4.238444906,4.390738575,3.366265299,4.537961436,3290.000001,,,,,,,,,,,,,,,,28.97013,8.098642844,0.8,93.5,5.14364318
2012,51,Jamaica,8.564076777,4.368181228,4.403054002,3.221391059,4.541164856,5239.999998,,,,,,,,,,,,,,,,25.06296,8.564076777,0.8,93.8,5.869454762
2000,52,Jordan,7.495541944,4.252771799,4.582924577,3.662571412,4.572646994,1800,,,,,,,,,,,,,,,,38.9614,7.495541944,0.6,96.8,3.928160758
2012,52,Jordan,8.345217927,4.325456283,4.591071262,3.070682962,4.573679519,4210.000001,,,,,,,,,,,,,,,,21.55662,8.345217927,0.01,96.9,6.256977815
2000,53,Kazakhstan,7.138867,4.355425953,4.572646994,3.881779857,4.541164856,1260,,,,,,,,,,,,,,,,48.51048,7.138867,0.5,93.8,2.952383066
2012,53,Kazakhstan,9.232101864,4.42604352,4.579852378,3.777122676,4.533674184,10220,,,,,,,,,,,,,,,,43.69015,9.232101864,0.01,93.1,4.1752883
2000,54,Kenya,6.040254711,2.850706502,3.292126287,3.765859477,3.947390149,419.9999999,,,,,,,,,,,,,,,,43.20082,6.040254711,16,51.8,2.557967025
2012,54,Kenya,6.993932975,3.280911216,3.387774361,3.27942515,4.120661871,1090,,,,,,,,,,,,,,,,26.5605,6.993932975,12.6,61.6,4.402575374
2000,55,Kyrgyz Republic,5.634789603,4.314817885,4.519612298,3.907136888,4.361823927,280,,,,,,,,,,,,,,,,49.75629,5.634789603,0.2,78.4,6.361354038
2012,55,Kyrgyz Republic,6.946975992,4.382026635,4.532599493,3.56161098,4.472780998,1040,,,,,,,,,,,,,,,,35.21989,6.946975992,0.01,87.6,6.439488416
2000,56,Lebanon,8.607033895,4.396915247,4.415219602,4.040482709,4.450852826,5469.999998,,,,,,,,,,,,,,,,56.85378,8.607033895,0.01,85.7,3.35796633
2012,56,Lebanon,9.046644279,4.441474093,4.390738575,3.619951581,4.59511985,8489.999997,,,,,,,,,,,,,,,,37.33576,9.046644279,0.2,99,4.860966709
2000,57,Lesotho,6.363028104,3.206803244,3.173878459,3.566579325,4.369447852,580.0000003,,,,,,,,,,,,,,,,35.39531,6.363028104,45.9,79,2.381180178
2012,57,Lesotho,7.286191715,3.288401888,3.377587516,2.815694906,4.396915247,1460,,,,,,,,,,,,,,,,16.70478,7.286191715,34.6,81.2,3.74124268
2000,58,Liberia,5.010635294,3.117949906,2.57261223,3.637791928,4.133565275,150,,,,,,,,,,,,,,,,38.00782,5.010635294,47.1,62.4,2.526738614
2012,58,Liberia,5.828945618,3.529297384,2.778819272,3.399164316,4.289088639,340.0000001,,,,,,,,,,,,,,,,29.93907,5.828945618,47.6,72.9,2.732990479
2000,59,Madagascar,5.521460918,3.437207819,2.332143895,3.631969098,3.63758616,250,,,,,,,,,,,,,,,,37.78715,5.521460918,47,38,2.2465029
2012,59,Madagascar,6.063785209,3.671224519,2.451005098,3.642384629,3.88567903,430.0000001,,,,,,,,,,,,,,,,38.18278,6.063785209,41.3,48.7,3.483119846
2000,60,Malawi,5.075173815,2.734367509,3.535145354,3.088579423,4.135166557,160,,,,,,,,,,,,,,,,21.94588,5.075173815,18.8,62.5,4.800890578
2012,60,Malawi,6.109247583,3.325036021,3.681351188,2.326323104,4.439115602,450.0000001,,,,,,,,,,,,,,,,10.24022,6.109247583,7.1,84.7,6.043843801
2000,61,Malaysia,8.13739583,4.271095074,4.513054897,3.518960269,4.544358047,3420,,,,,,,,,,,,,,,,33.74932,8.13739583,2,94.1,2.71646119
2012,61,Malaysia,9.230142999,4.290459441,4.563305982,3.552781342,4.58394655,10200,,,,,,,,,,,,,,,,34.91028,9.230142999,0.01,97.9,3.765259874
2000,62,Mali,5.634789603,3.226843995,2.890371758,4.197233225,3.841600541,280,,,,,,,,,,,,,,,,66.50208,5.634789603,21.3,46.6,3.221919532
2012,62,Mali,6.672032945,3.440418095,3.148453361,3.901584716,4.261270434,789.9999996,,,,,,,,,,,,,,,,49.4808,6.672032945,11.7,70.9,3.764015562
2000,63,Mauritania,6.234410726,3.284663565,3.165475048,3.801747766,3.737669618,510.0000001,,,,,,,,,,,,,,,,44.77938,6.234410726,46.3,42,4.985608408
2012,63,Mauritania,7.192934221,3.449987546,3.642835516,3.794353263,4.037774211,1330,,,,,,,,,,,,,,,,44.44948,7.192934221,36.2,56.7,6.06954002
2000,64,Mauritius,8.261009786,4.464758032,4.515245478,3.577515118,4.597138014,3870,,,,,,,,,,,,,,,,35.78451,8.261009786,0.1,99.2,5.774826819
2012,64,Mauritius,9.106090351,4.446174454,4.532599493,3.857135893,4.603168183,9010.000004,,,,,,,,,,,,,,,,47.3296,9.106090351,0.1,99.8,6.45061211
2000,65,Mexico,8.656955134,4.262679877,4.313480092,3.930685375,4.484131858,5750.000001,,,,,,,,,,,,,,,,50.94188,8.656955134,12.3,88.6,3.155025595
2012,65,Mexico,9.187071745,4.347693956,4.427238977,3.806557818,4.55492897,9770,,,,,,,,,,,,,,,,44.99529,9.187071745,2.4,95.1,5.491540252
2000,66,Moldova,5.913503006,4.467056884,4.286341385,3.758403884,4.443827036,370.0000001,,,,,,,,,,,,,,,,42.87993,5.913503006,0.01,85.1,3.150411184
2012,66,Moldova,7.668561108,4.48863637,4.328098293,3.80048724,4.476199805,2140,,,,,,,,,,,,,,,,44.72297,7.668561108,0.1,87.9,5.2187965
2000,67,Mongolia,6.152732695,4.271095074,3.875359021,2.810672371,4.030694535,470.0000001,,,,,,,,,,,,,,,,16.62109,6.152732695,15.5,56.3,3.978938853
2012,67,Mongolia,8.207946941,4.364371699,4.058717385,3.767838267,4.154184563,3670,,,,,,,,,,,,,,,,43.28639,8.207946941,10.7,63.7,5.185838126
2000,68,Morocco,7.229838778,4.201703081,4.158883083,3.98991861,4.360547603,1380,,,,,,,,,,,,,,,,54.05049,7.229838778,24.1,78.3,2.676922679
2012,68,Morocco,8.006367568,4.321480135,4.325456283,4.042805448,4.437934267,3000.000001,,,,,,,,,,,,,,,,56.98599,8.006367568,10.2,84.6,3.477580115
2000,69,Mozambique,5.634789603,3.005682604,2.646174797,2.501122788,3.716008122,280,,,,,,,,,,,,,,,,12.19618,5.634789603,55.3,41.1,1.161508359
2012,69,Mozambique,6.253828812,3.144152279,2.985681938,1.969854468,3.914021008,520.0000002,,,,,,,,,,,,,,,,7.169633,6.253828812,40.9,50.1,3.164167771
2000,70,Myanmar,4.700480366,3.822098298,4.12552018,4.451908627,4.198704578,110,,,,,,,,,,,,,,,,85.79053,4.700480366,12.1,66.6,4.835571787
2012,70,Myanmar,5.913503006,4.072439727,4.374498368,4.079079813,4.385769621,370.0000001,,,,,,,,,,,,,,,,59.09107,5.913503006,4.5,80.3,6.148252317
2000,71,Namibia,7.654443226,3.370738174,3.310543013,1.730263249,4.363098625,2109.999999,,,,,,,,,,,,,,,,5.642139,7.654443226,57.8,78.5,2.501859494
2012,71,Namibia,8.603370888,3.761200116,3.499533282,1.99517911,4.48638665,5450.000002,,,,,,,,,,,,,,,,7.35352,8.603370888,50.2,88.8,3.648407413
2000,72,Nepal,5.438079309,3.799973502,3.077312261,4.22673958,4.345103281,230,,,,,,,,,,,,,,,,68.49355,5.438079309,64.3,77.1,4.003361978
2012,72,Nepal,6.536691598,4.087655574,3.716008122,3.826683176,4.487512143,690.0000003,,,,,,,,,,,,,,,,45.91001,6.536691598,38,88.9,4.963766646
2000,73,Nicaragua,6.877296071,4.050044303,3.996364154,3.752916834,4.368181228,969.9999995,,,,,,,,,,,,,,,,42.64529,6.877296071,16.1,78.9,2.187668494
2012,73,Nicaragua,7.43838353,4.294560609,4.201703081,3.695440508,4.456670178,1700,,,,,,,,,,,,,,,,40.263305,7.43838353,8,86.2,3.142606276
2000,74,Niger,5.135798437,2.772588722,1.887069649,4.183042017,3.777348102,170,,,,,,,,,,,,,,,,65.565,5.135798437,80.7,43.7,2.846182608
2012,74,Niger,5.966146739,3.206803244,2.312535424,4.102653943,4.028916757,390,,,,,,,,,,,,,,,,60.50064,5.966146739,74.2,56.2,4.50412941
2000,75,Nigeria,5.598421959,2.954910279,3.526360525,4.121505832,3.947390149,270,,,,,,,,,,,,,,,,61.65201,5.598421959,24.6,51.8,2.740726572
2012,75,Nigeria,7.81197343,3.186352633,3.39785848,4.183786649,4.182050143,2470.000001,,,,,,,,,,,,,,,,65.61384,7.81197343,24.9,65.5,3.510534029
2000,76,Pakistan,6.194405391,3.632309103,3.608211551,4.154147984,4.483002552,489.9999999,,,,,,,,,,,,,,,,63.69767,6.194405391,37.1,88.5,5.696685902
2012,76,Pakistan,7.138867,3.921973336,4.065602093,4.002968401,4.509760001,1260,,,,,,,,,,,,,,,,54.76046,7.138867,17.9,90.9,6.59926547
2000,77,Panama,8.263590433,4.24563401,4.201703081,3.256082203,4.494238625,3880.000001,,,,,,,,,,,,,,,,25.94768,8.263590433,7.4,89.5,3.255810245
2012,77,Panama,9.160099156,4.244200318,4.295923936,3.210843653,4.540098189,9510.000004,,,,,,,,,,,,,,,,24.8,9.160099156,4.2,93.7,4.583727398
2000,78,Papua New Guinea,6.429719478,3.532225644,2.954910279,2.325903103,3.55820113,620,,,,,,,,,,,,,,,,10.23592,6.429719478,14.4,35.1,4.829883925
2012,78,Papua New Guinea,7.50659178,3.740047741,2.939161922,2.399272506,3.686376324,1820,,,,,,,,,,,,,,,,11.01516,7.50659178,11.5,39.9,5.987551158
2000,79,Paraguay,7.215239979,4.183575696,4.226833745,3.952520019,4.295923936,1360,,,,,,,,,,,,,,,,52.06641,7.215239979,1.3,73.4,4.553571583
2012,79,Paraguay,8.14031554,4.276666119,4.447346101,3.926234147,4.536891345,3429.999999,,,,,,,,,,,,,,,,50.71563,8.14031554,0.1,93.4,5.801371445
2000,80,Peru,7.585788822,4.027135813,4.141546164,3.594853075,4.379523504,1970.000001,,,,,,,,,,,,,,,,36.41035,7.585788822,21,79.8,3.507528064
2012,80,Peru,8.639410824,4.194189897,4.300002799,3.572953038,4.448516376,5649.999999,,,,,,,,,,,,,,,,35.62163,8.639410824,8.1,85.5,4.755212051
2000,81,Philippines,7.106606138,3.996364154,4.15575319,3.701231107,4.467056884,1220,,,,,,,,,,,,,,,,40.49713,7.106606138,12.1,87.1,2.211379826
2012,81,Philippines,8.006367568,4.206184044,4.273884476,4.04635178,4.508659286,3000.000001,,,,,,,,,,,,,,,,57.18844,8.006367568,8.3,90.8,3.936550514
2000,82,Rwanda,5.480638923,2.944438979,3.841600541,3.209866563,4.194189897,239.9999999,,,,,,,,,,,,,,,,24.77578,5.480638923,4.9,66.3,3.090137177
2012,82,Rwanda,6.461468176,3.572345638,4.079230924,3.361849994,4.308110952,639.9999998,,,,,,,,,,,,,,,,28.8425,6.461468176,2.2,74.3,3.782886828
2000,83,Senegal,6.234410726,3.186352633,3.696351469,3.991045624,4.210645018,510.0000001,,,,,,,,,,,,,,,,54.11144,6.234410726,27.7,67.4,3.060921782
2012,83,Senegal,6.946975992,3.532225644,3.83081295,3.644582418,4.334672938,1040,,,,,,,,,,,,,,,,38.26679,6.946975992,16.4,76.3,4.254849727
2000,84,Sierra Leone,5.075173815,3.122364924,2.424802726,4.237890207,3.854393893,160,,,,,,,,,,,,,,,,69.26157,5.075173815,21.6,47.2,3.873753669
2012,84,Sierra Leone,6.253828812,3.254242969,2.549445171,4.16694286,4.085976313,520.0000002,,,,,,,,,,,,,,,,64.51791,6.253828812,23.2,59.5,4.627932699
2000,85,Solomon Islands,6.91770561,3.918005077,3.238678452,1.176949851,4.378269586,1010,,,,,,,,,,,,,,,,3.244463,6.91770561,57.4,79.7,5.501491988
2012,85,Solomon Islands,7.326465614,4.094344562,3.363841595,1.38381504,4.388257184,1520,,,,,,,,,,,,,,,,3.990095,7.326465614,54.5,80.5,6.494410153
2000,86,South Africa,8.051978079,3.671224519,4.046553898,2.615720708,4.460144414,3140,,,,,,,,,,,,,,,,13.67707,8.051978079,10,86.5,3.491094763
2012,86,South Africa,8.941152882,3.770459441,4.169761202,1.905743446,4.521788577,7639.999999,,,,,,,,,,,,,,,,6.724405,8.941152882,4.8,92,4.536295598
2000,87,Sri Lanka,6.779921907,4.172847624,4.396915247,3.720751598,4.378269586,879.9999996,,,,,,,,,,,,,,,,41.29542,6.779921907,7.3,79.7,2.710628344
2012,87,Sri Lanka,8.119696253,4.320151231,4.541164856,3.884684491,4.535820108,3360,,,,,,,,,,,,,,,,48.65159,8.119696253,0.2,93.3,4.724274196
2000,88,Sudan,5.768320996,3.242592351,3.234749174,4.177441217,4.127134385,320.0000001,,,,,,,,,,,,,,,,65.19881,5.768320996,41.7,62,5.186062059
2012,88,Sudan,7.408530567,3.523415014,3.157000421,4.303918866,4.016383021,1650,,,,,,,,,,,,,,,,73.98918,7.408530567,46.3,55.5,6.35845469
2000,89,Suriname,7.53369371,4.15575319,4.393213824,2.921270008,4.492001488,1870,,,,,,,,,,,,,,,,18.56485,7.53369371,7.6,89.3,4.321723748
2012,89,Suriname,9.077951184,4.225372825,4.373238129,2.550251877,4.551769409,8760.000001,,,,,,,,,,,,,,,,12.81033,9.077951184,6.3,94.8,5.588793694
2000,90,Swaziland,7.326465614,3.214867803,3.947390149,2.919292816,3.94931879,1520,,,,,,,,,,,,,,,,18.52818,7.326465614,23.1,51.9,1.977986949
2012,90,Swaziland,8.149023868,3.325036021,4.051784948,2.487275508,4.30676415,3460,,,,,,,,,,,,,,,,12.02846,8.149023868,13.9,74.2,4.113962053
2000,91,Tajikistan,5.135798437,3.975936331,4.504244267,4.367042938,4.087655574,170,,,,,,,,,,,,,,,,78.81024,5.135798437,1.4,59.6,2.314102125
2012,91,Tajikistan,6.791221463,4.130355,4.547541073,4.095857584,4.272490748,890.0000002,,,,,,,,,,,,,,,,60.09085,6.791221463,0.2,71.7,3.820821328
2000,92,Tanzania,5.703782475,3.015534901,2.2300144,3.855748272,3.996364154,300.0000001,,,,,,,,,,,,,,,,47.26397,5.703782475,10.5,54.4,4.307148446
2012,92,Tanzania,6.65929392,3.421000009,2.63905733,3.089536775,4.014579594,780.0000002,,,,,,,,,,,,,,,,21.9669,6.65929392,11.9,55.4,5.815826199
2000,93,Thailand,7.595889918,4.100989105,4.514150788,3.407647535,4.520701029,1990.000001,,,,,,,,,,,,,,,,30.19413,7.595889918,2.8,91.9,2.44445416
2012,93,Thailand,8.632305999,4.259859001,4.534747722,2.149235759,4.575741375,5610.000003,,,,,,,,,,,,,,,,8.5783,8.632305999,0.01,97.1,3.390021195
2000,94,Togo,5.703782475,3.186352633,2.433613355,4.043220201,3.981549068,300.0000001,,,,,,,,,,,,,,,,57.00963,5.703782475,57.2,53.6,4.78300189
2012,94,Togo,6.173786104,3.39785848,2.442347035,3.837778009,4.112511866,480,,,,,,,,,,,,,,,,46.42221,6.173786104,52.9,61.1,5.696229729
2000,95,Tunisia,7.745002804,4.348986781,4.405498991,3.587433489,4.498697941,2310.000001,,,,,,,,,,,,,,,,36.1412,7.745002804,11.3,89.9,2.94567149
2012,95,Tunisia,8.321178307,4.410371108,4.50313746,3.603583514,4.573679519,4109.999998,,,,,,,,,,,,,,,,36.72962,8.321178307,2,96.9,3.96634436
2000,96,Uganda,5.598421959,2.803360381,2.747270914,3.63091448,4.032469159,270,,,,,,,,,,,,,,,,37.74732,5.598421959,14.5,56.4,3.579188891
2012,96,Uganda,6.445719819,3.303216973,2.917770732,3.782645715,4.328098293,629.9999998,,,,,,,,,,,,,,,,43.93212,6.445719819,8.2,75.8,5.66886575
2000,97,Ukraine,6.551080335,4.461299816,4.550714,3.785354864,4.580877493,700,,,,,,,,,,,,,,,,44.0513,6.551080335,0.1,97.6,3.391654524
2012,97,Ukraine,8.160518247,4.494238625,4.562262685,3.737210465,4.569543008,3499.999998,,,,,,,,,,,,,,,,41.98072,8.160518247,0.01,96.5,4.754972318
2000,98,Uzbekistan,6.445719819,4.248495242,4.509760001,3.957069217,4.485259889,629.9999998,,,,,,,,,,,,,,,,52.30381,6.445719819,0.1,88.7,5.458685183
2012,98,Uzbekistan,7.43838353,4.374498368,4.605170186,3.886690428,4.469350463,1700,,,,,,,,,,,,,,,,48.74928,7.43838353,0.01,87.3,6.418758924
2000,99,"Venezuela, RB",8.311398278,4.191168747,4.480740108,3.906228449,4.511957804,4069.999998,,,,,,,,,,,,,,,,49.71111,8.311398278,8,91.1,3.020181028
2012,99,"Venezuela, RB",9.433483923,4.209160237,4.543294782,4.069716943,4.531523646,12500,,,,,,,,,,,,,,,,58.54039,9.433483923,5.8,92.9,4.788449421
2000,100,Vietnam,5.991464547,4.185098925,3.968403339,4.190064961,4.348986781,400,,,,,,,,,,,,,,,,66.02708,5.991464547,21.5,77.4,3.229511007
2012,100,Vietnam,7.34601021,4.289088639,4.291828367,3.604588464,4.541164856,1550,,,,,,,,,,,,,,,,36.76655,7.34601021,2,93.8,4.302803389
2000,101,"Yemen, Rep.",6.040254711,3.440418095,3.673765816,3.772606903,4.092676505,419.9999999,,,,,,,,,,,,,,,,43.4933,6.040254711,31.7,59.9,3.192962362
2012,101,"Yemen, Rep.",7.073269717,3.666122467,3.975936331,4.271280811,4.005513349,1179.999999,,,,,,,,,,,,,,,,71.6133,7.073269717,22,54.9,4.417263438
2000,102,Zambia,5.799092654,2.701361213,3.703768067,3.279255334,3.970291914,329.9999998,,,,,,,,,,,,,,,,26.55599,5.799092654,22.6,53,3.624767684
2012,102,Zambia,7.414572881,3.117949906,3.765840495,3.487615416,4.143134726,1659.999999,,,,,,,,,,,,,,,,32.70786,7.414572881,15.4,63,4.047493378
2000,103,Zimbabwe,6.194405391,2.753660712,3.668676747,2.978502693,4.374498368,489.9999999,,,,,,,,,,,,,,,,19.65836,6.194405391,29.6,79.4,
2012,103,Zimbabwe,6.646390515,3.417726684,3.618993327,3.526346995,4.350277936,770.0000001,,,,,,,,,,,,,,,,33.99954,6.646390515,27.9,77.5,
